{"threshold_values": [-0.1,
  -0.05416666666666667,
  -0.008333333333333331,
  0.037500000000000006,
  0.08333333333333334,
  0.12916666666666668,
  0.17500000000000002,
  0.22083333333333335,
  0.2666666666666667,
  0.3125,
  0.3583333333333334,
  0.4041666666666667,
  0.45000000000000007,
  0.49583333333333346,
  0.5416666666666667,
  0.5875,
  0.6333333333333334,
  0.6791666666666668,
  0.7250000000000001,
  0.7708333333333334,
  0.8166666666666668,
  0.8625000000000002,
  0.9083333333333333,
  0.9541666666666667,
  1.0],
 "auto_error_rate_values": [0.147,
  0.147,
  0.147,
  0.133,
  0.133,
  0.133,
  0.128,
  0.124,
  0.119,
  0.11,
  0.107,
  0.092,
  0.089,
  0.087,
  0.087,
  0.067,
  0.061,
  0.04,
  0.034,
  0.043,
  0.056,
  0.057,
  0.08,
  0.095,
  0.095],
 "manual_processing_rate_values": [0.0,
  0.0,
  0.0,
  0.022,
  0.022,
  0.022,
  0.027,
  0.038,
  0.043,
  0.065,
  0.087,
  0.114,
  0.141,
  0.19,
  0.25,
  0.353,
  0.467,
  0.592,
  0.685,
  0.75,
  0.804,
  0.81,
  0.864,
  0.886,
  0.886],
 "general_error_values": [0.147,
  0.147,
  0.147,
  0.13,
  0.13,
  0.13,
  0.125,
  0.12,
  0.114,
  0.103,
  0.098,
  0.082,
  0.076,
  0.071,
  0.065,
  0.043,
  0.033,
  0.016,
  0.011,
  0.011,
  0.011,
  0.011,
  0.011,
  0.011,
  0.011]}