{
    "threshold_values": [
        0.0,
        0.041666666666666664,
        0.08333333333333333,
        0.125,
        0.16666666666666666,
        0.20833333333333331,
        0.25,
        0.29166666666666663,
        0.3333333333333333,
        0.375,
        0.41666666666666663,
        0.4583333333333333,
        0.5,
        0.5416666666666666,
        0.5833333333333333,
        0.625,
        0.6666666666666666,
        0.7083333333333333,
        0.75,
        0.7916666666666666,
        0.8333333333333333,
        0.875,
        0.9166666666666666,
        0.9583333333333333,
        1.0
    ],
    "auto_error_rate_values": [
        0.467,
        0.467,
        0.467,
        0.467,
        0.467,
        0.467,
        0.467,
        0.464,
        0.462,
        0.459,
        0.456,
        0.414,
        0.366,
        0.347,
        0.257,
        0.246,
        0.188,
        0.174,
        0.174,
        0.125,
        0.133,
        0.167,
        0.111,
        0.111,
        0.0
    ],
    "manual_processing_rate_values": [
        0.0,
        0.0,
        0.0,
        0.0,
        0.0,
        0.0,
        0.0,
        0.005,
        0.011,
        0.016,
        0.082,
        0.212,
        0.288,
        0.451,
        0.62,
        0.647,
        0.739,
        0.875,
        0.875,
        0.913,
        0.918,
        0.935,
        0.951,
        0.951,
        0.962
    ],
    "general_error_values": [
        0.467,
        0.467,
        0.467,
        0.467,
        0.467,
        0.467,
        0.467,
        0.462,
        0.457,
        0.451,
        0.418,
        0.326,
        0.261,
        0.19,
        0.098,
        0.087,
        0.049,
        0.022,
        0.022,
        0.011,
        0.011,
        0.011,
        0.005,
        0.005,
        0.0
    ]
}