{
    "threshold_values": [
        0.0,
        0.041666666666666664,
        0.08333333333333333,
        0.125,
        0.16666666666666666,
        0.20833333333333331,
        0.25,
        0.29166666666666663,
        0.3333333333333333,
        0.375,
        0.41666666666666663,
        0.4583333333333333,
        0.5,
        0.5416666666666666,
        0.5833333333333333,
        0.625,
        0.6666666666666666,
        0.7083333333333333,
        0.75,
        0.7916666666666666,
        0.8333333333333333,
        0.875,
        0.9166666666666666,
        0.9583333333333333,
        1.0
    ],
    "auto_error_rate_values": [
        0.908,
        0.908,
        0.908,
        0.908,
        0.908,
        0.908,
        0.908,
        0.908,
        0.908,
        0.908,
        0.908,
        0.908,
        0.908,
        0.908,
        0.908,
        0.908,
        0.908,
        0.907,
        0.907,
        0.904,
        0.9,
        0.891,
        0.87,
        0.847,
        0.333
    ],
    "manual_processing_rate_values": [
        0.0,
        0.0,
        0.0,
        0.0,
        0.0,
        0.0,
        0.0,
        0.0,
        0.0,
        0.0,
        0.0,
        0.0,
        0.0,
        0.0,
        0.0,
        0.0,
        0.0,
        0.005,
        0.011,
        0.038,
        0.076,
        0.201,
        0.413,
        0.538,
        0.967
    ],
    "general_error_values": [
        0.908,
        0.908,
        0.908,
        0.908,
        0.908,
        0.908,
        0.908,
        0.908,
        0.908,
        0.908,
        0.908,
        0.908,
        0.908,
        0.908,
        0.908,
        0.908,
        0.908,
        0.902,
        0.897,
        0.87,
        0.832,
        0.712,
        0.511,
        0.391,
        0.011
    ]
}