{
    "threshold_values": [
        0.0,
        0.041666666666666664,
        0.08333333333333333,
        0.125,
        0.16666666666666666,
        0.20833333333333331,
        0.25,
        0.29166666666666663,
        0.3333333333333333,
        0.375,
        0.41666666666666663,
        0.4583333333333333,
        0.5,
        0.5416666666666666,
        0.5833333333333333,
        0.625,
        0.6666666666666666,
        0.7083333333333333,
        0.75,
        0.7916666666666666,
        0.8333333333333333,
        0.875,
        0.9166666666666666,
        0.9583333333333333,
        1.0
    ],
    "auto_error_rate_values": [
        0.658,
        0.658,
        0.658,
        0.658,
        0.658,
        0.658,
        0.658,
        0.658,
        0.658,
        0.658,
        0.636,
        0.593,
        0.5,
        0.471,
        0.373,
        0.327,
        0.184,
        0.167,
        0.13,
        0.118,
        0.067,
        0.071,
        0.1,
        0.125,
        0.125
    ],
    "manual_processing_rate_values": [
        0.0,
        0.0,
        0.0,
        0.0,
        0.0,
        0.0,
        0.0,
        0.0,
        0.0,
        0.0,
        0.06,
        0.185,
        0.38,
        0.527,
        0.636,
        0.717,
        0.793,
        0.837,
        0.875,
        0.908,
        0.918,
        0.924,
        0.946,
        0.957,
        0.957
    ],
    "general_error_values": [
        0.658,
        0.658,
        0.658,
        0.658,
        0.658,
        0.658,
        0.658,
        0.658,
        0.658,
        0.658,
        0.598,
        0.484,
        0.31,
        0.223,
        0.136,
        0.092,
        0.038,
        0.027,
        0.016,
        0.011,
        0.005,
        0.005,
        0.005,
        0.005,
        0.005
    ]
}