{
    "threshold_values": [
        0.0,
        0.041666666666666664,
        0.08333333333333333,
        0.125,
        0.16666666666666666,
        0.20833333333333331,
        0.25,
        0.29166666666666663,
        0.3333333333333333,
        0.375,
        0.41666666666666663,
        0.4583333333333333,
        0.5,
        0.5416666666666666,
        0.5833333333333333,
        0.625,
        0.6666666666666666,
        0.7083333333333333,
        0.75,
        0.7916666666666666,
        0.8333333333333333,
        0.875,
        0.9166666666666666,
        0.9583333333333333,
        1.0
    ],
    "auto_error_rate_values": [
        0.408,
        0.408,
        0.408,
        0.408,
        0.408,
        0.408,
        0.408,
        0.408,
        0.412,
        0.406,
        0.401,
        0.401,
        0.4,
        0.392,
        0.363,
        0.337,
        0.325,
        0.281,
        0.208,
        0.129,
        0.12,
        0.158,
        0.125,
        0.167,
        0.1
    ],
    "manual_processing_rate_values": [
        0.0,
        0.0,
        0.0,
        0.0,
        0.0,
        0.0,
        0.0,
        0.0,
        0.011,
        0.022,
        0.038,
        0.065,
        0.13,
        0.223,
        0.326,
        0.467,
        0.582,
        0.652,
        0.739,
        0.832,
        0.864,
        0.897,
        0.913,
        0.935,
        0.946
    ],
    "general_error_values": [
        0.408,
        0.408,
        0.408,
        0.408,
        0.408,
        0.408,
        0.408,
        0.408,
        0.408,
        0.397,
        0.386,
        0.375,
        0.348,
        0.304,
        0.245,
        0.179,
        0.136,
        0.098,
        0.054,
        0.022,
        0.016,
        0.016,
        0.011,
        0.011,
        0.005
    ]
}