{
    "threshold_values": [
        0.0,
        0.041666666666666664,
        0.08333333333333333,
        0.125,
        0.16666666666666666,
        0.20833333333333331,
        0.25,
        0.29166666666666663,
        0.3333333333333333,
        0.375,
        0.41666666666666663,
        0.4583333333333333,
        0.5,
        0.5416666666666666,
        0.5833333333333333,
        0.625,
        0.6666666666666666,
        0.7083333333333333,
        0.75,
        0.7916666666666666,
        0.8333333333333333,
        0.875,
        0.9166666666666666,
        0.9583333333333333,
        1.0
    ],
    "auto_error_rate_values": [
        0.864,
        0.864,
        0.864,
        0.864,
        0.864,
        0.864,
        0.864,
        0.864,
        0.864,
        0.864,
        0.864,
        0.864,
        0.864,
        0.864,
        0.864,
        0.864,
        0.864,
        0.864,
        0.864,
        0.864,
        0.864,
        0.864,
        0.864,
        0.863,
        0.2
    ],
    "manual_processing_rate_values": [
        0.0,
        0.0,
        0.0,
        0.0,
        0.0,
        0.0,
        0.0,
        0.0,
        0.0,
        0.0,
        0.0,
        0.0,
        0.0,
        0.0,
        0.0,
        0.0,
        0.0,
        0.0,
        0.0,
        0.0,
        0.0,
        0.0,
        0.0,
        0.005,
        0.973
    ],
    "general_error_values": [
        0.864,
        0.864,
        0.864,
        0.864,
        0.864,
        0.864,
        0.864,
        0.864,
        0.864,
        0.864,
        0.864,
        0.864,
        0.864,
        0.864,
        0.864,
        0.864,
        0.864,
        0.864,
        0.864,
        0.864,
        0.864,
        0.864,
        0.864,
        0.859,
        0.005
    ]
}