{
    "threshold_values": [
        0.0,
        0.041666666666666664,
        0.08333333333333333,
        0.125,
        0.16666666666666666,
        0.20833333333333331,
        0.25,
        0.29166666666666663,
        0.3333333333333333,
        0.375,
        0.41666666666666663,
        0.4583333333333333,
        0.5,
        0.5416666666666666,
        0.5833333333333333,
        0.625,
        0.6666666666666666,
        0.7083333333333333,
        0.75,
        0.7916666666666666,
        0.8333333333333333,
        0.875,
        0.9166666666666666,
        0.9583333333333333,
        1.0
    ],
    "auto_error_rate_values": [
        0.158,
        0.148,
        0.148,
        0.148,
        0.148,
        0.148,
        0.148,
        0.148,
        0.148,
        0.148,
        0.15,
        0.151,
        0.139,
        0.136,
        0.133,
        0.127,
        0.127,
        0.127,
        0.107,
        0.071,
        0.034,
        0.025,
        0.028,
        0.032,
        0.035
    ],
    "manual_processing_rate_values": [
        0.0,
        0.011,
        0.011,
        0.011,
        0.011,
        0.011,
        0.011,
        0.011,
        0.011,
        0.011,
        0.022,
        0.027,
        0.06,
        0.082,
        0.098,
        0.147,
        0.228,
        0.272,
        0.342,
        0.462,
        0.527,
        0.56,
        0.609,
        0.663,
        0.69
    ],
    "general_error_values": [
        0.158,
        0.147,
        0.147,
        0.147,
        0.147,
        0.147,
        0.147,
        0.147,
        0.147,
        0.147,
        0.147,
        0.147,
        0.13,
        0.125,
        0.12,
        0.109,
        0.098,
        0.092,
        0.071,
        0.038,
        0.016,
        0.011,
        0.011,
        0.011,
        0.011
    ]
}