{
    "threshold_values": [
        0.0,
        0.041666666666666664,
        0.08333333333333333,
        0.125,
        0.16666666666666666,
        0.20833333333333331,
        0.25,
        0.29166666666666663,
        0.3333333333333333,
        0.375,
        0.41666666666666663,
        0.4583333333333333,
        0.5,
        0.5416666666666666,
        0.5833333333333333,
        0.625,
        0.6666666666666666,
        0.7083333333333333,
        0.75,
        0.7916666666666666,
        0.8333333333333333,
        0.875,
        0.9166666666666666,
        0.9583333333333333,
        1.0
    ],
    "auto_error_rate_values": [
        0.446,
        0.271,
        0.271,
        0.271,
        0.271,
        0.271,
        0.271,
        0.266,
        0.255,
        0.255,
        0.25,
        0.252,
        0.235,
        0.218,
        0.21,
        0.208,
        0.22,
        0.218,
        0.212,
        0.22,
        0.146,
        0.152,
        0.154,
        0.162,
        0.162
    ],
    "manual_processing_rate_values": [
        0.0,
        0.239,
        0.239,
        0.239,
        0.239,
        0.239,
        0.239,
        0.245,
        0.255,
        0.255,
        0.261,
        0.266,
        0.283,
        0.326,
        0.353,
        0.424,
        0.505,
        0.576,
        0.641,
        0.679,
        0.739,
        0.75,
        0.788,
        0.799,
        0.799
    ],
    "general_error_values": [
        0.446,
        0.207,
        0.207,
        0.207,
        0.207,
        0.207,
        0.207,
        0.201,
        0.19,
        0.19,
        0.185,
        0.185,
        0.168,
        0.147,
        0.136,
        0.12,
        0.109,
        0.092,
        0.076,
        0.071,
        0.038,
        0.038,
        0.033,
        0.033,
        0.033
    ]
}