{
    "threshold_values": [
        0.0,
        0.041666666666666664,
        0.08333333333333333,
        0.125,
        0.16666666666666666,
        0.20833333333333331,
        0.25,
        0.29166666666666663,
        0.3333333333333333,
        0.375,
        0.41666666666666663,
        0.4583333333333333,
        0.5,
        0.5416666666666666,
        0.5833333333333333,
        0.625,
        0.6666666666666666,
        0.7083333333333333,
        0.75,
        0.7916666666666666,
        0.8333333333333333,
        0.875,
        0.9166666666666666,
        0.9583333333333333,
        1.0
    ],
    "auto_error_rate_values": [
        0.217,
        0.213,
        0.213,
        0.213,
        0.213,
        0.213,
        0.213,
        0.213,
        0.213,
        0.215,
        0.215,
        0.218,
        0.2,
        0.196,
        0.188,
        0.175,
        0.148,
        0.147,
        0.123,
        0.101,
        0.036,
        0.023,
        0.028,
        0.036,
        0.04
    ],
    "manual_processing_rate_values": [
        0.0,
        0.005,
        0.005,
        0.005,
        0.005,
        0.005,
        0.005,
        0.005,
        0.005,
        0.016,
        0.016,
        0.027,
        0.076,
        0.114,
        0.217,
        0.315,
        0.413,
        0.484,
        0.56,
        0.625,
        0.701,
        0.761,
        0.804,
        0.848,
        0.864
    ],
    "general_error_values": [
        0.217,
        0.212,
        0.212,
        0.212,
        0.212,
        0.212,
        0.212,
        0.212,
        0.212,
        0.212,
        0.212,
        0.212,
        0.185,
        0.174,
        0.147,
        0.12,
        0.087,
        0.076,
        0.054,
        0.038,
        0.011,
        0.005,
        0.005,
        0.005,
        0.005
    ]
}