{
    "threshold_values": [
        0.0,
        0.041666666666666664,
        0.08333333333333333,
        0.125,
        0.16666666666666666,
        0.20833333333333331,
        0.25,
        0.29166666666666663,
        0.3333333333333333,
        0.375,
        0.41666666666666663,
        0.4583333333333333,
        0.5,
        0.5416666666666666,
        0.5833333333333333,
        0.625,
        0.6666666666666666,
        0.7083333333333333,
        0.75,
        0.7916666666666666,
        0.8333333333333333,
        0.875,
        0.9166666666666666,
        0.9583333333333333,
        1.0
    ],
    "auto_error_rate_values": [
        0.31,
        0.31,
        0.31,
        0.31,
        0.31,
        0.31,
        0.31,
        0.304,
        0.305,
        0.307,
        0.287,
        0.273,
        0.252,
        0.218,
        0.186,
        0.147,
        0.109,
        0.116,
        0.103,
        0.12,
        0.105,
        0.133,
        0.154,
        0.111,
        0.111
    ],
    "manual_processing_rate_values": [
        0.0,
        0.0,
        0.0,
        0.0,
        0.0,
        0.0,
        0.0,
        0.016,
        0.038,
        0.043,
        0.071,
        0.103,
        0.179,
        0.326,
        0.446,
        0.592,
        0.701,
        0.766,
        0.842,
        0.864,
        0.897,
        0.918,
        0.929,
        0.951,
        0.951
    ],
    "general_error_values": [
        0.31,
        0.31,
        0.31,
        0.31,
        0.31,
        0.31,
        0.31,
        0.299,
        0.293,
        0.293,
        0.266,
        0.245,
        0.207,
        0.147,
        0.103,
        0.06,
        0.033,
        0.027,
        0.016,
        0.016,
        0.011,
        0.011,
        0.011,
        0.005,
        0.005
    ]
}