{
    "threshold_values": [
        0.0,
        0.041666666666666664,
        0.08333333333333333,
        0.125,
        0.16666666666666666,
        0.20833333333333331,
        0.25,
        0.29166666666666663,
        0.3333333333333333,
        0.375,
        0.41666666666666663,
        0.4583333333333333,
        0.5,
        0.5416666666666666,
        0.5833333333333333,
        0.625,
        0.6666666666666666,
        0.7083333333333333,
        0.75,
        0.7916666666666666,
        0.8333333333333333,
        0.875,
        0.9166666666666666,
        0.9583333333333333,
        1.0
    ],
    "auto_error_rate_values": [
        0.11,
        0.11,
        0.11,
        0.106,
        0.106,
        0.106,
        0.106,
        0.106,
        0.102,
        0.102,
        0.098,
        0.098,
        0.102,
        0.086,
        0.083,
        0.068,
        0.067,
        0.071,
        0.06,
        0.057,
        0.0,
        0.0,
        0.0,
        0.0,
        0.0
    ],
    "manual_processing_rate_values": [
        0.0,
        0.0,
        0.0,
        0.006,
        0.006,
        0.006,
        0.006,
        0.006,
        0.022,
        0.028,
        0.044,
        0.044,
        0.077,
        0.099,
        0.138,
        0.188,
        0.26,
        0.298,
        0.354,
        0.414,
        0.519,
        0.591,
        0.68,
        0.751,
        0.762
    ],
    "general_error_values": [
        0.11,
        0.11,
        0.11,
        0.105,
        0.105,
        0.105,
        0.105,
        0.105,
        0.099,
        0.099,
        0.094,
        0.094,
        0.094,
        0.077,
        0.072,
        0.055,
        0.05,
        0.05,
        0.039,
        0.033,
        0.0,
        0.0,
        0.0,
        0.0,
        0.0
    ]
}