{
    "threshold_values": [
        0.0,
        0.041666666666666664,
        0.08333333333333333,
        0.125,
        0.16666666666666666,
        0.20833333333333331,
        0.25,
        0.29166666666666663,
        0.3333333333333333,
        0.375,
        0.41666666666666663,
        0.4583333333333333,
        0.5,
        0.5416666666666666,
        0.5833333333333333,
        0.625,
        0.6666666666666666,
        0.7083333333333333,
        0.75,
        0.7916666666666666,
        0.8333333333333333,
        0.875,
        0.9166666666666666,
        0.9583333333333333,
        1.0
    ],
    "auto_error_rate_values": [
        0.099,
        0.099,
        0.099,
        0.099,
        0.094,
        0.094,
        0.094,
        0.094,
        0.094,
        0.094,
        0.079,
        0.08,
        0.082,
        0.084,
        0.085,
        0.077,
        0.083,
        0.081,
        0.064,
        0.027,
        0.02,
        0.013,
        0.014,
        0.021,
        0.021
    ],
    "manual_processing_rate_values": [
        0.0,
        0.0,
        0.0,
        0.0,
        0.006,
        0.006,
        0.006,
        0.006,
        0.006,
        0.006,
        0.022,
        0.039,
        0.055,
        0.083,
        0.088,
        0.144,
        0.204,
        0.254,
        0.309,
        0.387,
        0.442,
        0.569,
        0.602,
        0.735,
        0.74
    ],
    "general_error_values": [
        0.099,
        0.099,
        0.099,
        0.099,
        0.094,
        0.094,
        0.094,
        0.094,
        0.094,
        0.094,
        0.077,
        0.077,
        0.077,
        0.077,
        0.077,
        0.066,
        0.066,
        0.061,
        0.044,
        0.017,
        0.011,
        0.006,
        0.006,
        0.006,
        0.006
    ]
}