{
    "threshold_values": [
        0.0,
        0.041666666666666664,
        0.08333333333333333,
        0.125,
        0.16666666666666666,
        0.20833333333333331,
        0.25,
        0.29166666666666663,
        0.3333333333333333,
        0.375,
        0.41666666666666663,
        0.4583333333333333,
        0.5,
        0.5416666666666666,
        0.5833333333333333,
        0.625,
        0.6666666666666666,
        0.7083333333333333,
        0.75,
        0.7916666666666666,
        0.8333333333333333,
        0.875,
        0.9166666666666666,
        0.9583333333333333,
        1.0
    ],
    "auto_error_rate_values": [
        0.19,
        0.186,
        0.186,
        0.186,
        0.186,
        0.186,
        0.186,
        0.186,
        0.186,
        0.188,
        0.188,
        0.19,
        0.171,
        0.172,
        0.169,
        0.153,
        0.124,
        0.118,
        0.089,
        0.059,
        0.036,
        0.022,
        0.027,
        0.036,
        0.038
    ],
    "manual_processing_rate_values": [
        0.0,
        0.005,
        0.005,
        0.005,
        0.005,
        0.005,
        0.005,
        0.005,
        0.005,
        0.016,
        0.016,
        0.027,
        0.076,
        0.114,
        0.228,
        0.326,
        0.429,
        0.495,
        0.571,
        0.63,
        0.696,
        0.755,
        0.799,
        0.848,
        0.859
    ],
    "general_error_values": [
        0.19,
        0.185,
        0.185,
        0.185,
        0.185,
        0.185,
        0.185,
        0.185,
        0.185,
        0.185,
        0.185,
        0.185,
        0.158,
        0.152,
        0.13,
        0.103,
        0.071,
        0.06,
        0.038,
        0.022,
        0.011,
        0.005,
        0.005,
        0.005,
        0.005
    ]
}